"","Date","Time_Type","Hour","Central Western","Eastern","Kwun Tong","Sham Shui Po","Kwai Chung","Tsuen Wan","Tseung Kwan O","Yuen Long","Tuen Mun","Tung Chung","Tai Po","Sha Tin","Tap Mun","Causeway Bay","Central","Mong Kok"
"1","2019-10-01","Hourly",1,4,4,4,3,2,2,3,2,3,2,2,2,2,4,4,4
"2","2019-10-01","Hourly",2,4,3,4,3,2,2,3,2,3,2,2,2,2,3,3,4
"3","2019-10-01","Hourly",3,3,2,3,2,2,2,2,2,2,2,2,2,2,3,3,3
"4","2019-10-01","Hourly",4,2,2,3,2,2,2,2,2,2,2,2,2,2,2,2,3
"5","2019-10-01","Hourly",5,2,2,2,2,2,2,2,2,2,2,2,2,2,2,2,2
"6","2019-10-01","Hourly",6,2,2,2,2,2,2,2,2,2,2,2,2,2,2,2,2
"7","2019-10-01","Hourly",7,2,2,2,2,2,2,2,2,2,2,2,2,2,2,2,2
"8","2019-10-01","Hourly",8,2,2,2,2,2,2,2,2,2,2,2,2,2,2,2,2
"9","2019-10-01","Hourly",9,2,2,2,2,2,2,2,2,2,1,2,2,2,2,2,2
"10","2019-10-01","Hourly",10,2,2,2,2,2,2,2,2,2,2,2,2,2,3,2,2
"11","2019-10-01","Hourly",11,3,3,3,3,2,3,3,3,3,2,3,2,3,4,3,3
"12","2019-10-01","Hourly",12,3,4,4,3,3,3,4,4,4,3,4,4,4,4,4,3
"13","2019-10-01","Hourly",13,4,4,4,4,4,4,4,4,4,3,4,4,4,4,4,4
"14","2019-10-01","Hourly",14,4,4,4,4,4,4,4,4,4,4,4,4,4,4,4,4
"15","2019-10-01","Hourly",15,4,4,4,4,4,4,4,4,4,4,4,4,5,4,4,4
"16","2019-10-01","Hourly",16,4,4,4,4,4,4,4,4,4,4,4,4,5,4,4,4
"17","2019-10-01","Hourly",17,4,4,4,4,4,4,4,4,4,4,4,4,4,4,4,4
"18","2019-10-01","Hourly",18,4,4,4,4,4,4,4,4,4,4,4,4,4,4,4,4
"19","2019-10-01","Hourly",19,4,4,4,4,3,4,4,4,4,2,4,4,4,4,4,4
"20","2019-10-01","Hourly",20,4,4,4,3,2,3,4,4,4,2,4,3,3,3,3,3
"21","2019-10-01","Hourly",21,3,3,3,3,2,2,3,3,3,2,3,2,4,3,3,2
"22","2019-10-01","Hourly",22,3,3,3,2,2,2,2,2,3,2,2,2,3,2,2,2
"23","2019-10-01","Hourly",23,3,3,2,2,2,2,2,2,2,2,2,2,3,2,2,2
"24","2019-10-01","Hourly",24,3,3,2,2,2,2,2,2,2,2,2,2,2,2,2,2
"25","2019-10-01","Daily Max",NA,4,4,4,4,4,4,4,4,4,4,4,4,5,4,4,4
"26","2019-10-01","Daily Mean",NA,3,3,3,3,2,2,2,2,3,2,2,2,3,3,2,3
"27","2019-10-02","Hourly",1,3,3,2,2,2,2,2,2,2,2,2,2,2,2,2,2
"28","2019-10-02","Hourly",2,2,3,2,2,2,2,2,2,2,2,2,2,2,2,2,2
"29","2019-10-02","Hourly",3,2,2,2,2,2,2,2,2,2,2,2,2,2,2,2,2
"30","2019-10-02","Hourly",4,2,2,2,2,2,2,2,2,2,2,2,2,2,2,2,2
"31","2019-10-02","Hourly",5,2,2,2,2,2,2,2,2,2,2,2,2,2,2,2,2
"32","2019-10-02","Hourly",6,2,2,2,2,2,2,2,2,2,2,2,2,2,2,2,2
"33","2019-10-02","Hourly",7,2,2,2,2,2,2,2,2,2,2,2,2,2,2,2,2
"34","2019-10-02","Hourly",8,2,2,2,2,2,2,2,2,2,2,2,2,2,2,2,2
"35","2019-10-02","Hourly",9,2,2,2,2,2,2,2,2,2,2,2,2,2,2,2,2
"36","2019-10-02","Hourly",10,2,2,2,2,2,2,2,2,2,2,2,2,2,2,2,2
"37","2019-10-02","Hourly",11,2,2,3,2,2,2,2,2,2,2,2,2,2,2,2,2
"38","2019-10-02","Hourly",12,2,2,3,2,2,2,2,2,2,2,3,2,2,2,2,2
"39","2019-10-02","Hourly",13,2,2,3,2,2,2,3,3,2,2,3,2,2,2,2,2
"40","2019-10-02","Hourly",14,2,2,3,2,2,2,3,3,2,3,4,3,3,3,2,3
"41","2019-10-02","Hourly",15,2,2,3,2,2,3,3,3,3,3,4,3,4,3,3,3
"42","2019-10-02","Hourly",16,2,2,3,2,2,2,3,3,2,2,4,3,4,3,2,4
"43","2019-10-02","Hourly",17,2,2,3,2,2,2,3,2,2,2,4,3,3,3,2,4
"44","2019-10-02","Hourly",18,2,2,3,2,2,2,2,2,2,2,3,2,3,3,2,3
"45","2019-10-02","Hourly",19,2,2,2,2,2,2,2,2,2,2,2,2,2,2,2,2
"46","2019-10-02","Hourly",20,2,2,2,2,2,2,2,2,2,2,2,2,2,2,2,2
"47","2019-10-02","Hourly",21,2,2,2,2,2,2,2,2,2,2,2,2,2,2,2,2
"48","2019-10-02","Hourly",22,2,2,2,2,2,2,2,2,2,2,2,2,2,2,2,2
"49","2019-10-02","Hourly",23,2,2,2,2,2,2,2,2,2,2,2,2,2,2,2,2
"50","2019-10-02","Hourly",24,2,2,2,2,2,2,2,2,2,2,2,2,1,2,2,2
"51","2019-10-02","Daily Max",NA,3,3,3,2,2,3,3,3,3,3,4,3,4,3,3,4
"52","2019-10-02","Daily Mean",NA,2,2,2,2,2,2,2,2,2,2,2,2,2,2,2,2
"53","2019-10-03","Hourly",1,2,2,2,2,2,2,2,2,2,2,2,2,1,2,2,2
"54","2019-10-03","Hourly",2,2,2,2,2,2,2,2,2,2,2,2,2,1,2,2,2
"55","2019-10-03","Hourly",3,2,2,2,2,2,2,2,2,2,2,1,2,1,2,2,2
"56","2019-10-03","Hourly",4,2,2,2,2,2,2,2,1,2,2,1,2,1,2,2,2
"57","2019-10-03","Hourly",5,2,2,2,2,2,2,2,1,2,2,1,2,1,2,2,2
"58","2019-10-03","Hourly",6,2,2,2,2,2,2,2,1,2,2,1,2,1,2,2,2
"59","2019-10-03","Hourly",7,2,2,2,2,2,1,2,1,2,1,1,2,1,2,2,2
"60","2019-10-03","Hourly",8,2,2,2,2,2,1,2,1,2,1,1,2,1,2,2,2
"61","2019-10-03","Hourly",9,2,2,2,2,2,1,2,2,2,1,1,2,1,2,2,2
"62","2019-10-03","Hourly",10,2,2,2,2,2,2,2,2,2,2,2,2,1,2,2,2
"63","2019-10-03","Hourly",11,2,2,2,2,2,2,2,2,2,2,2,2,2,2,2,2
"64","2019-10-03","Hourly",12,2,2,2,2,2,2,2,2,2,2,2,2,2,2,2,2
"65","2019-10-03","Hourly",13,2,2,2,2,2,2,2,2,2,2,2,2,2,2,2,2
"66","2019-10-03","Hourly",14,2,2,2,2,2,2,2,2,2,2,2,2,2,2,2,2
"67","2019-10-03","Hourly",15,2,2,2,2,2,2,2,2,2,2,2,2,2,2,2,2
"68","2019-10-03","Hourly",16,2,2,2,2,2,2,2,2,2,2,2,2,2,2,2,2
"69","2019-10-03","Hourly",17,2,2,2,2,2,2,2,2,2,2,2,2,2,2,2,2
"70","2019-10-03","Hourly",18,2,2,2,2,2,2,2,2,2,2,2,2,2,2,2,2
"71","2019-10-03","Hourly",19,2,2,2,2,2,2,2,2,2,2,2,2,2,2,2,2
"72","2019-10-03","Hourly",20,2,2,2,2,2,2,2,2,2,2,2,2,1,2,2,2
"73","2019-10-03","Hourly",21,2,2,2,2,2,2,2,2,2,2,2,2,1,2,2,2
"74","2019-10-03","Hourly",22,2,2,2,2,2,1,2,1,2,2,2,2,2,2,2,2
"75","2019-10-03","Hourly",23,2,2,2,1,1,1,2,1,1,1,1,1,1,2,2,2
"76","2019-10-03","Hourly",24,1,1,2,1,1,1,2,1,1,1,1,1,1,2,2,2
"77","2019-10-03","Daily Max",NA,2,2,2,2,2,2,2,2,2,2,2,2,2,2,2,2
"78","2019-10-03","Daily Mean",NA,2,2,2,2,2,1,2,1,2,2,1,2,1,2,2,2
"79","2019-10-04","Hourly",1,1,1,2,1,1,1,1,1,1,1,1,1,1,2,2,2
"80","2019-10-04","Hourly",2,1,1,2,1,1,1,1,1,1,1,1,1,1,2,2,1
"81","2019-10-04","Hourly",3,1,1,2,1,1,1,1,1,1,1,1,1,1,1,1,1
"82","2019-10-04","Hourly",4,1,1,1,1,1,1,1,1,1,1,1,1,1,1,1,1
"83","2019-10-04","Hourly",5,1,1,1,1,1,1,1,1,1,1,1,1,1,1,1,1
"84","2019-10-04","Hourly",6,1,1,1,1,1,1,1,1,1,1,1,1,1,1,1,1
"85","2019-10-04","Hourly",7,1,1,1,1,1,1,1,1,1,1,1,1,1,1,1,1
"86","2019-10-04","Hourly",8,1,1,1,1,1,1,1,1,1,1,1,1,1,1,1,1
"87","2019-10-04","Hourly",9,1,1,1,1,1,1,1,1,1,1,1,1,1,2,2,1
"88","2019-10-04","Hourly",10,1,1,1,1,1,1,1,1,1,1,1,1,1,2,2,1
"89","2019-10-04","Hourly",11,1,1,2,1,1,1,1,1,1,1,1,1,1,2,2,2
"90","2019-10-04","Hourly",12,1,1,2,1,1,1,2,2,1,1,2,1,1,2,2,2
"91","2019-10-04","Hourly",13,1,2,2,2,1,1,2,2,2,1,2,2,2,2,2,2
"92","2019-10-04","Hourly",14,2,2,2,2,1,1,2,2,2,2,2,2,2,2,2,2
"93","2019-10-04","Hourly",15,2,2,2,2,2,2,2,2,2,2,2,2,2,2,2,2
"94","2019-10-04","Hourly",16,2,2,2,2,2,2,2,2,2,2,2,2,2,2,2,2
"95","2019-10-04","Hourly",17,2,2,2,2,2,2,2,2,2,2,2,2,2,2,2,2
"96","2019-10-04","Hourly",18,2,2,2,2,2,2,2,2,2,2,2,2,2,2,2,2
"97","2019-10-04","Hourly",19,1,2,2,2,2,2,2,2,2,2,2,2,2,2,2,2
"98","2019-10-04","Hourly",20,1,1,2,2,1,1,2,2,2,1,2,2,2,2,2,2
"99","2019-10-04","Hourly",21,1,1,2,2,1,1,1,1,2,1,2,1,1,2,1,2
"100","2019-10-04","Hourly",22,1,1,1,1,1,1,1,1,2,1,1,1,1,1,1,1
"101","2019-10-04","Hourly",23,1,1,1,1,1,1,1,1,2,1,1,1,1,1,1,1
"102","2019-10-04","Hourly",24,1,1,1,1,1,1,1,1,2,1,1,1,1,1,1,1
"103","2019-10-04","Daily Max",NA,2,2,2,2,2,2,2,2,2,2,2,2,2,2,2,2
"104","2019-10-04","Daily Mean",NA,1,1,1,1,1,1,1,1,1,1,1,1,1,2,1,1
"105","2019-10-05","Hourly",1,1,1,1,1,1,1,1,1,1,1,1,1,1,1,1,1
"106","2019-10-05","Hourly",2,1,1,1,1,1,1,1,1,1,1,1,1,1,1,1,1
"107","2019-10-05","Hourly",3,1,1,1,1,1,1,1,1,1,1,1,1,1,1,1,1
"108","2019-10-05","Hourly",4,1,1,1,1,1,1,1,1,1,1,1,1,1,1,1,1
"109","2019-10-05","Hourly",5,1,1,1,1,1,1,1,1,1,1,1,1,1,1,1,1
"110","2019-10-05","Hourly",6,1,1,1,1,1,1,1,1,1,1,1,1,1,1,1,1
"111","2019-10-05","Hourly",7,1,1,1,1,1,1,1,1,1,1,1,1,1,1,1,1
"112","2019-10-05","Hourly",8,1,1,1,1,1,1,1,1,1,1,1,1,1,1,1,1
"113","2019-10-05","Hourly",9,1,1,1,1,1,1,1,1,1,1,1,1,1,1,1,1
"114","2019-10-05","Hourly",10,1,1,1,1,1,1,1,1,1,1,1,1,1,1,1,1
"115","2019-10-05","Hourly",11,1,1,1,1,1,1,1,1,1,1,1,1,1,1,2,1
"116","2019-10-05","Hourly",12,1,1,2,1,1,1,1,1,1,1,2,1,2,2,2,1
"117","2019-10-05","Hourly",13,1,1,2,1,1,1,2,2,2,1,2,1,2,2,2,2
"118","2019-10-05","Hourly",14,1,2,2,1,2,1,2,2,2,2,2,2,2,2,2,2
"119","2019-10-05","Hourly",15,1,2,2,1,2,1,2,2,2,2,2,2,2,2,2,2
"120","2019-10-05","Hourly",16,1,2,2,1,1,1,2,2,2,2,2,2,2,2,2,2
"121","2019-10-05","Hourly",17,2,2,2,2,2,1,2,2,2,2,2,2,2,2,2,2
"122","2019-10-05","Hourly",18,2,2,2,2,2,1,2,2,2,1,2,2,2,2,2,2
"123","2019-10-05","Hourly",19,2,2,2,2,2,1,2,2,2,1,2,2,2,2,2,2
"124","2019-10-05","Hourly",20,2,2,2,2,2,1,2,1,1,1,2,2,2,2,2,2
"125","2019-10-05","Hourly",21,2,2,2,2,2,1,2,1,1,1,2,1,2,2,2,2
"126","2019-10-05","Hourly",22,2,2,2,2,1,1,1,2,1,1,1,1,1,2,2,2
"127","2019-10-05","Hourly",23,1,1,2,1,1,1,1,2,1,1,1,1,1,2,2,2
"128","2019-10-05","Hourly",24,1,1,1,1,1,1,1,2,1,1,1,1,1,1,2,1
"129","2019-10-05","Daily Max",NA,2,2,2,2,2,1,2,2,2,2,2,2,2,2,2,2
"130","2019-10-05","Daily Mean",NA,1,1,1,1,1,1,1,1,1,1,1,1,1,1,1,1
"131","2019-10-06","Hourly",1,1,1,1,1,1,1,1,1,1,1,1,1,2,1,2,1
"132","2019-10-06","Hourly",2,2,2,2,2,1,1,2,1,1,1,1,1,2,2,2,2
"133","2019-10-06","Hourly",3,2,2,2,2,2,2,2,1,2,2,1,2,2,2,2,2
"134","2019-10-06","Hourly",4,2,2,2,2,2,2,2,2,2,2,2,2,2,2,2,2
"135","2019-10-06","Hourly",5,2,2,2,2,2,2,2,2,2,2,2,2,2,2,2,2
"136","2019-10-06","Hourly",6,2,2,2,2,2,2,2,2,2,2,2,2,2,2,2,2
"137","2019-10-06","Hourly",7,2,2,2,2,2,1,2,2,2,2,2,2,2,1,2,1
"138","2019-10-06","Hourly",8,1,1,2,1,1,1,1,1,2,2,1,1,2,1,2,1
"139","2019-10-06","Hourly",9,1,1,1,1,1,1,1,1,1,1,1,1,1,1,2,1
"140","2019-10-06","Hourly",10,1,1,1,1,1,1,1,1,1,1,1,1,1,1,2,1
"141","2019-10-06","Hourly",11,1,1,2,1,1,1,1,1,1,1,2,1,2,1,2,1
"142","2019-10-06","Hourly",12,1,1,2,1,1,1,2,2,1,1,2,2,2,2,2,1
"143","2019-10-06","Hourly",13,2,2,2,2,2,1,2,2,2,1,2,2,2,2,2,2
"144","2019-10-06","Hourly",14,2,2,2,2,2,2,2,2,2,2,2,2,2,2,2,2
"145","2019-10-06","Hourly",15,1,2,2,1,2,1,1,2,2,2,2,2,2,1,2,1
"146","2019-10-06","Hourly",16,1,1,1,1,1,1,1,1,1,1,1,1,1,1,1,1
"147","2019-10-06","Hourly",17,1,1,1,1,1,1,1,1,1,1,1,1,1,1,1,1
"148","2019-10-06","Hourly",18,1,1,1,1,1,1,1,1,1,1,1,1,1,1,1,1
"149","2019-10-06","Hourly",19,1,1,1,1,1,1,1,1,1,1,1,1,1,1,1,1
"150","2019-10-06","Hourly",20,1,1,1,1,1,1,1,1,1,1,1,1,1,1,1,1
"151","2019-10-06","Hourly",21,1,1,1,1,1,1,1,1,1,1,1,1,1,1,1,1
"152","2019-10-06","Hourly",22,1,1,1,1,1,1,1,1,1,1,1,1,1,1,1,1
"153","2019-10-06","Hourly",23,1,1,1,1,1,1,1,1,1,2,1,1,1,1,1,1
"154","2019-10-06","Hourly",24,1,1,1,1,1,1,1,1,1,2,1,1,1,1,1,1
"155","2019-10-06","Daily Max",NA,2,2,2,2,2,2,2,2,2,2,2,2,2,2,2,2
"156","2019-10-06","Daily Mean",NA,1,1,1,1,1,1,1,1,1,1,1,1,1,1,1,1
"157","2019-10-07","Hourly",1,1,1,1,1,1,1,1,1,1,1,1,1,1,1,1,1
"158","2019-10-07","Hourly",2,1,1,1,1,1,1,1,1,1,1,1,1,1,1,1,1
"159","2019-10-07","Hourly",3,1,1,1,1,1,1,1,1,1,1,1,1,1,1,1,1
"160","2019-10-07","Hourly",4,1,2,2,1,1,1,1,1,1,1,1,1,1,1,2,1
"161","2019-10-07","Hourly",5,2,2,2,1,1,1,1,1,1,1,1,1,1,2,2,1
"162","2019-10-07","Hourly",6,2,2,2,1,1,1,2,1,1,1,1,1,1,2,2,1
"163","2019-10-07","Hourly",7,2,2,2,1,1,1,2,1,1,1,1,1,2,2,2,1
"164","2019-10-07","Hourly",8,2,2,2,1,1,1,2,1,1,1,1,1,2,2,2,1
"165","2019-10-07","Hourly",9,1,2,2,1,1,1,2,1,1,1,1,1,2,2,2,1
"166","2019-10-07","Hourly",10,1,2,2,1,1,1,2,1,1,1,2,1,2,2,2,1
"167","2019-10-07","Hourly",11,2,2,2,1,1,1,2,1,1,1,2,2,2,2,2,1
"168","2019-10-07","Hourly",12,2,2,2,2,2,1,2,2,1,2,2,2,2,2,2,2
"169","2019-10-07","Hourly",13,2,2,2,2,2,1,2,2,2,2,2,2,2,2,2,2
"170","2019-10-07","Hourly",14,2,2,2,2,2,2,2,2,2,2,2,2,2,2,2,2
"171","2019-10-07","Hourly",15,2,2,2,2,2,2,2,2,2,2,2,2,2,2,2,2
"172","2019-10-07","Hourly",16,2,2,2,2,2,2,2,2,2,2,2,2,2,2,2,2
"173","2019-10-07","Hourly",17,2,2,2,2,2,1,2,2,1,2,2,2,2,2,2,2
"174","2019-10-07","Hourly",18,2,2,2,2,2,1,2,2,1,2,2,2,2,2,2,2
"175","2019-10-07","Hourly",19,1,2,2,1,1,1,2,1,1,1,2,2,2,2,2,2
"176","2019-10-07","Hourly",20,1,1,2,1,1,1,1,1,1,1,1,1,2,2,2,2
"177","2019-10-07","Hourly",21,1,1,1,1,1,1,1,1,1,1,1,1,1,1,2,2
"178","2019-10-07","Hourly",22,1,1,1,1,1,1,1,1,1,1,1,1,1,1,1,1
"179","2019-10-07","Hourly",23,1,1,1,1,1,1,1,1,1,1,1,1,1,1,1,1
"180","2019-10-07","Hourly",24,1,1,1,1,1,1,1,1,1,1,1,1,1,1,1,1
"181","2019-10-07","Daily Max",NA,2,2,2,2,2,2,2,2,2,2,2,2,2,2,2,2
"182","2019-10-07","Daily Mean",NA,1,1,1,1,1,1,1,1,1,1,1,1,1,1,1,1
"183","2019-10-08","Hourly",1,1,1,1,1,1,1,1,1,1,1,1,1,1,1,1,1
"184","2019-10-08","Hourly",2,1,1,1,1,1,1,1,1,1,1,1,1,2,1,1,1
"185","2019-10-08","Hourly",3,1,1,1,1,1,1,1,1,1,1,1,1,2,1,1,1
"186","2019-10-08","Hourly",4,1,1,2,1,1,1,1,1,1,1,1,1,2,1,2,1
"187","2019-10-08","Hourly",5,1,2,2,1,1,1,1,1,1,1,1,1,2,1,2,1
"188","2019-10-08","Hourly",6,2,2,2,1,1,1,2,1,1,1,1,1,2,1,2,1
"189","2019-10-08","Hourly",7,2,2,2,1,1,1,2,1,1,1,1,1,2,2,2,1
"190","2019-10-08","Hourly",8,2,2,2,2,1,1,2,1,1,1,1,1,2,2,2,2
"191","2019-10-08","Hourly",9,2,2,2,2,1,1,2,1,1,1,1,1,2,2,2,2
"192","2019-10-08","Hourly",10,2,2,2,2,2,2,2,1,1,2,2,2,2,2,2,2
"193","2019-10-08","Hourly",11,2,2,2,2,2,2,2,2,2,2,2,2,2,2,2,2
"194","2019-10-08","Hourly",12,2,2,2,2,2,2,2,2,2,2,2,2,2,2,2,2
"195","2019-10-08","Hourly",13,2,2,2,2,2,2,2,2,2,2,2,2,2,2,2,2
"196","2019-10-08","Hourly",14,2,2,2,2,2,2,2,2,2,2,2,2,2,2,2,2
"197","2019-10-08","Hourly",15,2,2,2,2,2,2,2,2,2,2,2,2,2,2,2,2
"198","2019-10-08","Hourly",16,2,2,2,2,2,2,2,2,2,2,2,2,2,2,2,2
"199","2019-10-08","Hourly",17,2,2,2,2,2,2,2,2,2,2,2,2,2,2,2,2
"200","2019-10-08","Hourly",18,2,2,2,2,2,2,2,2,2,2,2,2,2,2,2,2
"201","2019-10-08","Hourly",19,2,2,2,2,2,2,2,2,2,2,2,2,2,2,2,2
"202","2019-10-08","Hourly",20,2,2,2,2,2,2,2,2,2,2,2,2,2,2,2,2
"203","2019-10-08","Hourly",21,2,2,2,2,2,2,2,2,2,2,2,2,2,2,2,2
"204","2019-10-08","Hourly",22,2,2,2,2,2,2,2,2,2,2,2,2,2,2,2,2
"205","2019-10-08","Hourly",23,2,2,2,2,2,2,2,2,2,2,2,2,2,2,2,2
"206","2019-10-08","Hourly",24,2,2,2,2,2,2,2,2,2,2,2,2,2,2,2,2
"207","2019-10-08","Daily Max",NA,2,2,2,2,2,2,2,2,2,2,2,2,2,2,2,2
"208","2019-10-08","Daily Mean",NA,2,2,2,1,1,1,2,1,1,1,1,1,2,2,2,2
"209","2019-10-09","Hourly",1,2,2,2,2,2,2,2,2,2,2,2,2,2,2,2,2
"210","2019-10-09","Hourly",2,2,2,2,2,2,2,2,2,2,2,2,2,2,2,2,2
"211","2019-10-09","Hourly",3,2,2,2,2,2,2,2,2,2,2,2,2,2,2,2,2
"212","2019-10-09","Hourly",4,2,2,2,2,2,2,2,2,2,2,2,2,2,2,2,2
"213","2019-10-09","Hourly",5,2,2,2,2,2,2,2,2,2,2,2,2,2,2,2,2
"214","2019-10-09","Hourly",6,2,2,2,2,2,2,2,2,2,2,2,2,2,2,2,2
"215","2019-10-09","Hourly",7,2,2,2,2,2,2,2,2,2,2,2,2,2,2,2,2
"216","2019-10-09","Hourly",8,2,2,2,2,2,2,2,2,2,2,2,2,2,2,2,2
"217","2019-10-09","Hourly",9,2,2,2,2,2,2,2,2,2,2,2,2,2,2,2,2
"218","2019-10-09","Hourly",10,2,2,2,2,2,2,2,2,2,2,2,2,2,2,2,2
"219","2019-10-09","Hourly",11,2,2,2,2,2,2,2,2,2,2,2,2,2,2,2,2
"220","2019-10-09","Hourly",12,2,2,2,2,2,2,2,2,2,2,2,2,2,2,2,2
"221","2019-10-09","Hourly",13,2,2,2,2,2,2,2,2,2,2,2,2,2,2,2,2
"222","2019-10-09","Hourly",14,2,2,2,2,2,2,2,2,2,2,2,2,2,2,2,2
"223","2019-10-09","Hourly",15,2,2,2,2,2,2,2,2,2,2,2,2,2,2,2,2
"224","2019-10-09","Hourly",16,2,2,2,2,2,2,2,2,2,2,2,2,2,2,2,2
"225","2019-10-09","Hourly",17,2,2,2,2,2,2,2,2,2,2,2,2,2,2,2,2
"226","2019-10-09","Hourly",18,2,2,2,2,2,2,2,2,2,2,2,2,2,2,2,2
"227","2019-10-09","Hourly",19,2,2,2,2,2,2,2,2,2,2,2,2,2,2,2,2
"228","2019-10-09","Hourly",20,2,2,2,2,2,2,2,2,2,2,2,2,2,2,2,2
"229","2019-10-09","Hourly",21,2,2,2,2,2,2,2,2,2,2,2,2,2,2,2,2
"230","2019-10-09","Hourly",22,2,2,2,2,2,2,2,2,2,2,2,2,2,2,2,2
"231","2019-10-09","Hourly",23,2,2,2,2,2,2,2,2,2,2,2,2,2,2,2,2
"232","2019-10-09","Hourly",24,2,2,2,2,2,2,2,2,2,2,2,2,2,2,2,2
"233","2019-10-09","Daily Max",NA,2,2,2,2,2,2,2,2,2,2,2,2,2,2,2,2
"234","2019-10-09","Daily Mean",NA,2,2,2,2,2,2,2,2,2,2,2,2,2,2,2,2
"235","2019-10-10","Hourly",1,2,2,2,2,2,2,2,2,2,2,2,2,2,2,2,2
"236","2019-10-10","Hourly",2,2,2,2,2,2,2,2,2,2,2,2,2,2,2,2,2
"237","2019-10-10","Hourly",3,2,2,2,2,2,2,2,1,2,2,2,2,2,2,2,2
"238","2019-10-10","Hourly",4,2,2,2,2,2,2,2,1,2,2,2,2,2,2,2,2
"239","2019-10-10","Hourly",5,2,2,2,2,2,2,2,1,2,2,2,2,2,2,2,2
"240","2019-10-10","Hourly",6,2,2,2,2,2,2,2,1,2,2,2,2,2,2,2,2
"241","2019-10-10","Hourly",7,2,2,2,2,2,2,2,1,2,2,2,2,2,2,2,2
"242","2019-10-10","Hourly",8,2,2,2,2,2,2,2,1,2,2,2,2,2,2,2,2
"243","2019-10-10","Hourly",9,2,2,2,2,2,2,2,1,2,2,2,2,2,2,2,2
"244","2019-10-10","Hourly",10,2,2,2,2,2,2,2,2,2,2,2,2,2,2,2,2
"245","2019-10-10","Hourly",11,2,2,2,2,2,2,2,2,2,2,2,2,2,2,2,2
"246","2019-10-10","Hourly",12,2,2,2,2,2,2,2,2,2,2,2,2,2,2,2,2
"247","2019-10-10","Hourly",13,2,2,2,2,2,2,2,2,2,2,2,2,2,2,2,2
"248","2019-10-10","Hourly",14,2,2,2,2,2,2,2,2,2,2,2,2,2,2,2,2
"249","2019-10-10","Hourly",15,2,2,2,2,2,2,2,2,2,2,2,2,2,2,2,2
"250","2019-10-10","Hourly",16,2,2,2,2,2,2,2,2,2,2,2,2,2,2,2,2
"251","2019-10-10","Hourly",17,2,2,2,2,2,2,2,2,2,2,2,2,2,2,2,2
"252","2019-10-10","Hourly",18,2,2,2,2,2,2,2,2,2,2,2,2,2,2,2,2
"253","2019-10-10","Hourly",19,2,2,2,2,2,2,2,2,2,2,2,2,2,2,2,2
"254","2019-10-10","Hourly",20,2,2,2,2,2,2,2,2,2,2,2,2,2,2,2,2
"255","2019-10-10","Hourly",21,2,2,2,2,2,2,2,2,2,2,2,2,2,2,2,2
"256","2019-10-10","Hourly",22,2,2,2,2,2,1,2,2,2,2,2,1,2,2,2,2
"257","2019-10-10","Hourly",23,2,2,2,2,2,1,2,2,2,2,2,1,2,2,2,2
"258","2019-10-10","Hourly",24,2,2,2,2,1,1,2,2,2,2,1,1,2,2,2,2
"259","2019-10-10","Daily Max",NA,2,2,2,2,2,2,2,2,2,2,2,2,2,2,2,2
"260","2019-10-10","Daily Mean",NA,2,2,2,2,2,2,2,2,2,2,2,2,2,2,2,2
"261","2019-10-11","Hourly",1,2,2,2,2,1,1,2,2,2,1,1,1,2,2,2,2
"262","2019-10-11","Hourly",2,2,2,2,2,1,1,1,1,2,1,1,1,1,2,2,2
"263","2019-10-11","Hourly",3,2,2,2,2,1,1,1,1,2,1,1,1,1,2,2,2
"264","2019-10-11","Hourly",4,2,2,2,2,1,1,1,1,2,1,1,1,1,2,2,2
"265","2019-10-11","Hourly",5,2,1,2,2,1,1,1,1,1,1,1,1,1,1,2,2
"266","2019-10-11","Hourly",6,1,1,2,2,1,1,1,1,1,1,1,1,1,1,2,2
"267","2019-10-11","Hourly",7,1,1,2,1,1,1,1,1,1,1,1,1,1,1,2,2
"268","2019-10-11","Hourly",8,1,1,2,1,1,1,1,1,1,1,1,1,1,2,2,2
"269","2019-10-11","Hourly",9,1,1,2,1,2,1,2,1,2,1,1,1,1,2,2,2
"270","2019-10-11","Hourly",10,2,2,2,2,2,2,2,1,2,2,1,1,1,2,2,2
"271","2019-10-11","Hourly",11,2,2,2,2,2,2,2,2,2,2,2,1,2,2,2,2
"272","2019-10-11","Hourly",12,2,2,2,2,2,2,2,2,2,2,2,2,2,2,2,2
"273","2019-10-11","Hourly",13,2,2,2,2,2,2,2,3,3,2,3,3,3,2,3,2
"274","2019-10-11","Hourly",14,3,2,3,2,3,3,2,4,4,4,4,3,4,4,4,4
"275","2019-10-11","Hourly",15,4,3,4,4,4,4,4,4,4,4,4,4,4,4,4,4
"276","2019-10-11","Hourly",16,4,3,4,4,4,4,4,4,4,4,4,4,4,4,4,4
"277","2019-10-11","Hourly",17,4,4,4,4,4,4,4,4,4,4,4,4,4,4,4,4
"278","2019-10-11","Hourly",18,4,4,4,4,4,4,4,4,4,4,4,4,4,4,4,4
"279","2019-10-11","Hourly",19,4,4,4,4,4,4,4,4,4,4,4,4,4,4,4,4
"280","2019-10-11","Hourly",20,4,4,4,4,4,3,4,4,4,2,4,4,3,4,4,4
"281","2019-10-11","Hourly",21,4,3,4,3,3,2,3,4,4,2,4,3,2,4,4,4
"282","2019-10-11","Hourly",22,3,3,4,2,2,2,3,2,3,2,3,2,2,4,3,3
"283","2019-10-11","Hourly",23,3,3,3,2,2,2,2,2,2,2,2,2,2,3,3,3
"284","2019-10-11","Hourly",24,2,2,2,2,2,2,2,2,2,2,2,2,2,3,2,2
"285","2019-10-11","Daily Max",NA,4,4,4,4,4,4,4,4,4,4,4,4,4,4,4,4
"286","2019-10-11","Daily Mean",NA,2,2,2,2,2,2,2,2,2,2,2,2,2,2,2,2
"287","2019-10-12","Hourly",1,2,2,2,2,2,2,2,2,2,2,2,2,2,2,2,2
"288","2019-10-12","Hourly",2,2,2,2,2,2,2,2,2,2,2,2,2,2,2,2,2
"289","2019-10-12","Hourly",3,2,2,2,2,2,2,2,2,2,2,2,2,2,2,2,2
"290","2019-10-12","Hourly",4,2,2,2,2,2,1,2,2,2,2,2,2,2,2,2,2
"291","2019-10-12","Hourly",5,2,2,2,2,2,1,2,2,2,2,2,1,2,2,2,2
"292","2019-10-12","Hourly",6,2,2,2,2,2,1,2,1,2,2,2,1,1,2,2,2
"293","2019-10-12","Hourly",7,2,2,2,2,2,1,2,1,2,1,2,1,1,2,2,2
"294","2019-10-12","Hourly",8,2,2,2,2,2,1,2,1,2,1,2,1,1,2,2,2
"295","2019-10-12","Hourly",9,2,2,2,2,2,1,2,1,2,1,2,1,1,2,2,2
"296","2019-10-12","Hourly",10,2,2,2,2,2,2,2,2,2,2,2,2,2,2,2,2
"297","2019-10-12","Hourly",11,2,2,2,2,2,2,2,2,2,2,2,2,2,2,2,2
"298","2019-10-12","Hourly",12,2,2,2,2,2,2,3,2,2,2,2,2,2,2,3,2
"299","2019-10-12","Hourly",13,2,3,3,2,2,2,4,3,2,2,3,4,3,3,3,2
"300","2019-10-12","Hourly",14,2,4,4,2,2,2,4,4,3,3,4,4,4,4,3,3
"301","2019-10-12","Hourly",15,3,4,4,3,3,3,4,4,4,4,4,4,4,4,3,4
"302","2019-10-12","Hourly",16,4,4,4,3,3,3,4,3,4,4,4,3,4,4,4,3
"303","2019-10-12","Hourly",17,3,3,4,2,3,3,4,4,4,4,4,2,4,4,4,3
"304","2019-10-12","Hourly",18,3,3,3,2,2,3,4,4,4,4,4,2,4,4,4,2
"305","2019-10-12","Hourly",19,3,3,3,2,2,2,4,4,4,3,3,2,4,4,3,3
"306","2019-10-12","Hourly",20,3,3,3,2,2,2,3,3,4,3,3,2,3,4,3,3
"307","2019-10-12","Hourly",21,3,2,3,2,2,2,3,2,3,2,3,2,2,3,2,3
"308","2019-10-12","Hourly",22,2,2,2,2,2,2,2,2,2,2,2,2,2,3,2,2
"309","2019-10-12","Hourly",23,2,2,2,2,2,2,2,2,2,2,2,2,2,2,2,2
"310","2019-10-12","Hourly",24,2,2,2,2,2,2,2,2,2,2,2,2,2,2,2,2
"311","2019-10-12","Daily Max",NA,4,4,4,3,3,3,4,4,4,4,4,4,4,4,4,4
"312","2019-10-12","Daily Mean",NA,2,2,2,2,2,2,2,2,2,2,2,2,2,2,2,2
"313","2019-10-13","Hourly",1,2,2,2,2,2,2,2,2,2,2,2,2,2,2,2,2
"314","2019-10-13","Hourly",2,2,2,2,2,2,2,2,2,2,2,2,2,2,2,2,2
"315","2019-10-13","Hourly",3,2,2,2,2,2,2,2,2,2,2,2,2,2,2,2,2
"316","2019-10-13","Hourly",4,2,2,2,2,2,1,2,2,2,2,2,2,2,2,2,2
"317","2019-10-13","Hourly",5,2,2,2,2,2,2,2,2,2,2,2,2,2,2,2,2
"318","2019-10-13","Hourly",6,2,2,2,2,2,2,2,2,2,2,2,2,2,2,2,2
"319","2019-10-13","Hourly",7,2,2,2,2,2,2,2,2,2,2,2,2,2,2,2,2
"320","2019-10-13","Hourly",8,2,2,2,2,2,2,2,2,2,2,2,2,2,2,2,2
"321","2019-10-13","Hourly",9,2,2,2,2,2,2,2,2,2,2,2,2,2,2,2,2
"322","2019-10-13","Hourly",10,2,2,2,2,2,2,2,2,2,2,2,2,2,2,2,2
"323","2019-10-13","Hourly",11,2,2,2,2,2,2,2,2,2,2,2,2,2,2,2,2
"324","2019-10-13","Hourly",12,2,2,2,2,2,2,2,2,2,2,2,2,2,2,2,2
"325","2019-10-13","Hourly",13,2,2,2,2,2,2,2,2,2,2,2,2,2,2,2,2
"326","2019-10-13","Hourly",14,2,2,2,2,2,2,2,2,2,2,2,2,2,2,2,2
"327","2019-10-13","Hourly",15,2,2,2,2,2,2,2,2,2,2,2,2,2,2,2,2
"328","2019-10-13","Hourly",16,2,2,2,2,2,2,2,2,2,2,2,2,2,2,2,2
"329","2019-10-13","Hourly",17,2,2,2,2,2,2,2,2,2,2,2,2,2,2,2,2
"330","2019-10-13","Hourly",18,2,2,2,2,2,2,2,2,2,2,2,2,2,2,2,2
"331","2019-10-13","Hourly",19,2,2,2,2,2,2,2,2,2,2,2,2,2,2,2,2
"332","2019-10-13","Hourly",20,2,2,2,2,2,2,2,2,2,2,2,2,2,2,2,2
"333","2019-10-13","Hourly",21,2,2,2,2,2,2,2,2,2,2,2,2,2,2,2,2
"334","2019-10-13","Hourly",22,2,2,2,2,2,2,2,2,2,2,2,2,2,2,2,2
"335","2019-10-13","Hourly",23,2,2,2,2,2,2,2,2,2,2,2,2,2,2,2,2
"336","2019-10-13","Hourly",24,2,2,2,2,2,2,2,2,2,2,2,2,2,2,2,2
"337","2019-10-13","Daily Max",NA,2,2,2,2,2,2,2,2,2,2,2,2,2,2,2,2
"338","2019-10-13","Daily Mean",NA,2,2,2,2,2,2,2,2,2,2,2,2,2,2,2,2
"339","2019-10-14","Hourly",1,2,2,2,2,2,2,2,2,2,2,2,2,2,2,2,2
"340","2019-10-14","Hourly",2,2,2,2,2,2,1,2,2,1,2,2,2,2,2,2,2
"341","2019-10-14","Hourly",3,2,2,2,2,2,1,2,2,1,2,2,2,2,2,2,2
"342","2019-10-14","Hourly",4,2,2,2,2,2,1,2,1,1,2,1,2,2,2,2,2
"343","2019-10-14","Hourly",5,2,2,2,2,2,1,2,1,1,2,2,2,2,2,2,2
"344","2019-10-14","Hourly",6,2,2,2,2,2,1,2,1,1,2,2,2,2,2,2,2
"345","2019-10-14","Hourly",7,2,2,2,1,1,1,2,1,1,2,2,2,1,2,2,2
"346","2019-10-14","Hourly",8,2,2,1,1,1,1,2,1,1,1,1,1,1,2,2,1
"347","2019-10-14","Hourly",9,1,1,1,1,1,1,1,1,1,1,1,1,1,2,2,1
"348","2019-10-14","Hourly",10,1,1,2,1,1,1,1,1,1,1,1,1,1,2,2,2
"349","2019-10-14","Hourly",11,2,1,2,1,1,1,1,2,2,1,1,1,1,2,2,2
"350","2019-10-14","Hourly",12,2,2,2,2,2,1,2,2,2,1,2,2,1,2,2,2
"351","2019-10-14","Hourly",13,2,2,2,2,2,2,2,2,2,1,2,2,2,2,2,2
"352","2019-10-14","Hourly",14,2,2,2,2,2,2,2,2,2,2,2,2,2,2,2,2
"353","2019-10-14","Hourly",15,2,2,2,2,2,2,2,2,2,2,2,2,2,2,2,2
"354","2019-10-14","Hourly",16,2,2,2,2,2,2,2,2,2,2,2,2,2,2,2,2
"355","2019-10-14","Hourly",17,2,2,2,2,2,2,2,2,2,2,2,2,2,2,2,2
"356","2019-10-14","Hourly",18,2,2,2,2,2,2,2,2,2,2,2,2,2,2,2,2
"357","2019-10-14","Hourly",19,2,2,2,2,2,2,2,2,2,1,2,2,2,2,2,2
"358","2019-10-14","Hourly",20,2,2,2,2,2,2,2,2,2,1,2,2,2,2,2,2
"359","2019-10-14","Hourly",21,2,2,2,2,2,1,2,2,2,1,2,2,2,2,2,2
"360","2019-10-14","Hourly",22,2,1,2,2,2,1,2,2,2,1,1,2,1,2,2,1
"361","2019-10-14","Hourly",23,1,1,2,1,1,1,1,2,2,1,2,1,1,2,2,1
"362","2019-10-14","Hourly",24,1,1,2,1,1,1,1,2,2,1,1,1,1,2,2,1
"363","2019-10-14","Daily Max",NA,2,2,2,2,2,2,2,2,2,2,2,2,2,2,2,2
"364","2019-10-14","Daily Mean",NA,1,1,2,1,1,1,1,1,1,1,1,1,1,2,2,1
"365","2019-10-15","Hourly",1,1,1,2,1,1,1,1,2,2,1,1,1,1,2,2,1
"366","2019-10-15","Hourly",2,1,1,2,1,1,1,1,1,2,1,1,1,1,1,2,1
"367","2019-10-15","Hourly",3,1,1,1,1,1,1,1,1,1,1,1,1,1,1,2,1
"368","2019-10-15","Hourly",4,1,1,1,1,1,1,1,1,1,1,1,1,1,1,1,1
"369","2019-10-15","Hourly",5,1,1,1,1,1,1,1,1,1,1,1,1,1,1,1,1
"370","2019-10-15","Hourly",6,1,1,1,1,1,1,1,1,1,1,1,1,1,1,1,1
"371","2019-10-15","Hourly",7,1,1,1,1,1,1,1,1,1,1,1,1,1,1,1,1
"372","2019-10-15","Hourly",8,1,1,1,1,1,1,1,1,1,1,1,1,1,1,1,1
"373","2019-10-15","Hourly",9,1,1,2,1,1,1,2,1,1,1,1,1,1,2,2,1
"374","2019-10-15","Hourly",10,1,1,2,1,1,1,2,1,1,1,1,1,1,2,2,1
"375","2019-10-15","Hourly",11,1,1,2,2,1,1,2,1,1,1,1,1,1,2,2,2
"376","2019-10-15","Hourly",12,2,2,2,2,2,1,2,2,2,1,2,2,2,2,2,2
"377","2019-10-15","Hourly",13,2,2,2,2,2,2,2,2,2,2,2,2,2,2,2,2
"378","2019-10-15","Hourly",14,2,2,2,2,2,2,2,2,2,2,2,2,2,2,2,2
"379","2019-10-15","Hourly",15,2,2,2,2,2,2,2,2,2,2,2,2,2,2,2,2
"380","2019-10-15","Hourly",16,2,2,2,2,2,2,2,2,2,2,2,2,2,2,2,2
"381","2019-10-15","Hourly",17,2,2,2,2,2,2,2,2,2,2,2,2,2,2,2,2
"382","2019-10-15","Hourly",18,2,2,2,2,2,2,2,2,2,2,2,2,2,2,2,2
"383","2019-10-15","Hourly",19,2,2,2,2,2,2,2,2,2,2,2,2,2,2,2,2
"384","2019-10-15","Hourly",20,2,2,2,2,2,2,2,2,2,2,2,2,2,2,2,2
"385","2019-10-15","Hourly",21,2,2,2,2,2,2,2,2,2,2,2,2,2,2,2,2
"386","2019-10-15","Hourly",22,2,2,2,2,2,2,2,2,2,2,2,2,2,2,2,2
"387","2019-10-15","Hourly",23,2,2,2,2,2,2,2,2,2,2,2,2,2,2,2,2
"388","2019-10-15","Hourly",24,2,2,2,2,2,2,2,2,2,2,2,2,2,2,2,2
"389","2019-10-15","Daily Max",NA,2,2,2,2,2,2,2,2,2,2,2,2,2,2,2,2
"390","2019-10-15","Daily Mean",NA,1,2,2,1,1,1,2,1,1,1,1,1,2,2,2,1
"391","2019-10-16","Hourly",1,2,2,2,2,2,2,2,2,2,2,2,2,2,2,2,2
"392","2019-10-16","Hourly",2,2,2,2,2,2,2,2,2,2,2,2,2,2,2,2,2
"393","2019-10-16","Hourly",3,2,2,2,2,2,2,2,2,2,2,2,2,2,2,2,2
"394","2019-10-16","Hourly",4,2,2,2,2,2,1,2,2,2,1,2,2,2,2,2,2
"395","2019-10-16","Hourly",5,2,2,2,2,2,1,2,2,2,1,2,2,2,2,2,2
"396","2019-10-16","Hourly",6,2,2,2,2,2,1,2,2,2,1,2,2,2,2,2,2
"397","2019-10-16","Hourly",7,2,2,2,2,2,1,2,2,2,1,2,2,2,2,2,2
"398","2019-10-16","Hourly",8,2,2,2,2,2,1,2,2,2,1,2,2,2,2,2,2
"399","2019-10-16","Hourly",9,2,2,2,2,2,2,2,2,2,2,2,2,2,2,2,2
"400","2019-10-16","Hourly",10,2,2,2,2,2,2,2,2,2,2,2,2,2,2,2,2
"401","2019-10-16","Hourly",11,2,2,2,2,2,2,2,2,2,2,2,2,2,2,2,2
"402","2019-10-16","Hourly",12,2,2,2,2,2,2,2,2,2,2,2,2,2,2,2,2
"403","2019-10-16","Hourly",13,2,2,2,2,2,2,2,2,2,2,2,2,2,2,2,2
"404","2019-10-16","Hourly",14,2,2,2,2,2,2,2,2,2,2,2,2,2,2,2,2
"405","2019-10-16","Hourly",15,2,2,2,2,2,2,2,3,2,2,2,2,2,2,2,2
"406","2019-10-16","Hourly",16,2,2,2,2,2,2,2,4,2,2,2,2,2,2,2,2
"407","2019-10-16","Hourly",17,2,2,2,2,2,2,2,4,3,2,2,2,2,2,2,2
"408","2019-10-16","Hourly",18,2,2,2,2,2,2,2,4,4,2,2,2,2,2,2,2
"409","2019-10-16","Hourly",19,2,2,2,2,2,2,2,3,3,2,2,2,2,2,2,2
"410","2019-10-16","Hourly",20,2,2,2,2,2,2,2,2,2,2,2,2,2,2,2,2
"411","2019-10-16","Hourly",21,2,2,2,2,2,2,2,2,2,2,2,2,2,2,2,2
"412","2019-10-16","Hourly",22,2,2,2,2,2,2,2,2,2,2,2,2,2,2,2,2
"413","2019-10-16","Hourly",23,2,2,2,2,2,2,2,2,2,2,2,2,2,2,2,2
"414","2019-10-16","Hourly",24,2,2,2,2,2,2,2,2,2,2,2,2,2,2,2,2
"415","2019-10-16","Daily Max",NA,2,2,2,2,2,2,2,4,4,2,2,2,2,2,2,2
"416","2019-10-16","Daily Mean",NA,2,2,2,2,2,2,2,2,2,2,2,2,2,2,2,2
"417","2019-10-17","Hourly",1,2,2,2,2,2,2,2,2,2,2,2,2,2,2,2,2
"418","2019-10-17","Hourly",2,2,2,2,2,2,2,2,2,2,2,2,1,2,2,2,2
"419","2019-10-17","Hourly",3,2,2,2,2,2,2,2,2,2,2,1,1,2,2,2,2
"420","2019-10-17","Hourly",4,2,2,2,2,2,2,2,1,2,2,1,1,2,2,2,2
"421","2019-10-17","Hourly",5,2,2,2,2,2,2,2,1,2,2,1,1,2,2,2,2
"422","2019-10-17","Hourly",6,2,2,2,2,2,2,2,1,2,2,1,1,2,2,2,2
"423","2019-10-17","Hourly",7,2,2,2,2,2,2,2,2,2,1,1,2,2,2,2,2
"424","2019-10-17","Hourly",8,2,2,2,2,2,2,2,2,2,1,1,2,2,2,2,2
"425","2019-10-17","Hourly",9,2,2,2,2,2,2,2,2,2,2,1,2,2,2,2,2
"426","2019-10-17","Hourly",10,2,2,2,2,2,2,2,2,2,2,2,2,2,2,2,2
"427","2019-10-17","Hourly",11,2,2,2,2,2,2,2,2,2,2,2,2,2,2,2,2
"428","2019-10-17","Hourly",12,2,2,2,2,2,2,2,2,2,2,2,2,2,2,2,2
"429","2019-10-17","Hourly",13,2,2,2,2,2,2,2,2,2,2,2,2,2,2,2,2
"430","2019-10-17","Hourly",14,2,2,2,2,2,2,2,2,2,2,2,2,2,2,2,2
"431","2019-10-17","Hourly",15,2,2,2,2,2,2,2,3,2,2,2,2,2,2,2,2
"432","2019-10-17","Hourly",16,2,2,2,2,2,2,2,3,3,3,2,2,2,2,2,2
"433","2019-10-17","Hourly",17,2,2,2,2,2,2,2,3,3,3,2,2,2,2,2,2
"434","2019-10-17","Hourly",18,2,2,2,2,2,2,2,3,3,2,2,2,2,2,2,2
"435","2019-10-17","Hourly",19,2,2,2,2,2,2,2,2,2,2,2,2,2,2,2,2
"436","2019-10-17","Hourly",20,2,2,2,2,2,2,2,2,2,2,2,2,2,2,2,2
"437","2019-10-17","Hourly",21,2,2,2,2,2,2,2,2,2,2,2,2,2,2,2,2
"438","2019-10-17","Hourly",22,2,2,2,2,2,2,2,2,2,2,2,2,2,2,2,2
"439","2019-10-17","Hourly",23,2,2,2,2,2,2,2,2,2,2,2,2,2,2,2,2
"440","2019-10-17","Hourly",24,2,2,2,2,2,2,2,2,2,2,2,2,2,2,2,2
"441","2019-10-17","Daily Max",NA,2,2,2,2,2,2,2,3,3,3,2,2,2,2,2,2
"442","2019-10-17","Daily Mean",NA,2,2,2,2,2,2,2,2,2,2,2,2,2,2,2,2
"443","2019-10-18","Hourly",1,2,2,2,2,2,2,2,2,2,2,2,2,2,2,2,2
"444","2019-10-18","Hourly",2,2,2,2,2,2,2,2,2,2,2,2,2,2,2,2,2
"445","2019-10-18","Hourly",3,2,2,2,2,2,2,2,2,2,1,2,2,2,2,2,2
"446","2019-10-18","Hourly",4,2,2,2,2,2,2,2,2,2,1,2,2,2,2,2,2
"447","2019-10-18","Hourly",5,2,2,2,2,2,2,2,2,2,1,2,2,2,2,2,2
"448","2019-10-18","Hourly",6,2,2,2,2,2,2,2,2,2,2,2,2,2,2,2,2
"449","2019-10-18","Hourly",7,2,2,2,2,2,2,2,2,2,1,1,2,2,2,2,2
"450","2019-10-18","Hourly",8,2,2,2,2,2,1,2,2,2,1,1,2,2,2,2,2
"451","2019-10-18","Hourly",9,2,2,2,2,2,1,2,2,2,2,2,2,2,2,2,2
"452","2019-10-18","Hourly",10,2,2,2,2,2,2,2,2,2,2,2,2,2,2,2,2
"453","2019-10-18","Hourly",11,2,2,2,2,2,2,2,2,2,2,2,2,2,2,2,2
"454","2019-10-18","Hourly",12,2,2,2,2,2,2,2,2,2,2,2,2,2,2,2,2
"455","2019-10-18","Hourly",13,2,2,2,2,2,2,2,2,2,2,2,2,2,2,2,2
"456","2019-10-18","Hourly",14,2,2,2,2,2,2,2,4,3,3,3,2,3,2,2,2
"457","2019-10-18","Hourly",15,2,3,3,2,3,3,3,4,4,4,4,4,3,2,3,3
"458","2019-10-18","Hourly",16,3,3,4,3,4,4,4,4,4,4,4,4,3,3,4,4
"459","2019-10-18","Hourly",17,3,4,4,4,4,4,4,4,4,4,4,4,3,3,4,4
"460","2019-10-18","Hourly",18,4,4,4,4,4,4,4,4,4,4,4,4,3,4,4,4
"461","2019-10-18","Hourly",19,4,4,4,3,3,3,4,4,4,4,4,4,3,4,4,4
"462","2019-10-18","Hourly",20,4,4,4,3,3,2,3,3,4,3,3,3,2,4,4,4
"463","2019-10-18","Hourly",21,3,3,4,3,2,2,3,3,3,2,2,2,2,4,4,4
"464","2019-10-18","Hourly",22,3,3,3,2,2,2,2,2,3,2,2,2,2,4,3,3
"465","2019-10-18","Hourly",23,2,2,3,2,2,2,2,2,2,2,2,2,2,3,3,3
"466","2019-10-18","Hourly",24,2,2,3,2,2,2,2,2,2,2,2,2,2,3,3,3
"467","2019-10-18","Daily Max",NA,4,4,4,4,4,4,4,4,4,4,4,4,3,4,4,4
"468","2019-10-18","Daily Mean",NA,2,2,2,2,2,2,2,2,2,2,2,2,2,2,2,2
"469","2019-10-19","Hourly",1,2,2,2,2,2,2,2,2,2,2,2,2,2,2,2,3
"470","2019-10-19","Hourly",2,2,2,2,2,2,2,2,2,2,1,2,2,2,2,2,2
"471","2019-10-19","Hourly",3,2,2,2,2,2,2,2,2,2,1,2,2,2,2,2,2
"472","2019-10-19","Hourly",4,2,2,2,2,2,2,2,2,2,1,2,2,2,2,2,2
"473","2019-10-19","Hourly",5,2,2,2,2,2,2,2,2,2,1,1,1,2,2,2,2
"474","2019-10-19","Hourly",6,2,2,2,2,2,2,2,2,2,1,1,1,2,2,2,2
"475","2019-10-19","Hourly",7,2,2,2,2,2,2,2,2,2,1,1,1,2,2,2,2
"476","2019-10-19","Hourly",8,2,2,2,2,2,2,2,2,2,2,1,2,2,2,2,2
"477","2019-10-19","Hourly",9,2,2,2,2,2,2,2,2,2,2,2,2,2,2,2,2
"478","2019-10-19","Hourly",10,2,2,2,2,2,2,2,2,2,2,2,2,2,2,2,2
"479","2019-10-19","Hourly",11,2,2,2,2,2,2,2,2,2,2,2,2,2,2,2,2
"480","2019-10-19","Hourly",12,2,2,2,2,2,2,2,2,2,2,2,2,2,2,2,2
"481","2019-10-19","Hourly",13,2,2,2,2,2,2,2,3,2,2,2,2,2,2,2,2
"482","2019-10-19","Hourly",14,2,2,3,2,2,2,2,4,3,2,3,2,3,2,3,2
"483","2019-10-19","Hourly",15,3,2,3,2,2,2,2,4,4,4,4,3,3,2,3,2
"484","2019-10-19","Hourly",16,3,2,3,2,3,4,2,4,4,4,4,3,3,2,3,3
"485","2019-10-19","Hourly",17,3,3,3,2,3,4,2,4,4,4,4,3,3,2,3,3
"486","2019-10-19","Hourly",18,3,3,2,2,3,4,3,4,5,4,4,3,3,2,3,3
"487","2019-10-19","Hourly",19,2,3,2,2,3,3,2,4,4,4,3,3,3,2,3,2
"488","2019-10-19","Hourly",20,2,3,3,2,2,2,2,4,4,3,2,2,2,2,3,2
"489","2019-10-19","Hourly",21,2,3,3,2,2,2,2,2,2,2,2,2,2,2,3,2
"490","2019-10-19","Hourly",22,2,3,2,2,2,2,2,2,2,2,2,2,2,2,2,2
"491","2019-10-19","Hourly",23,2,2,2,2,2,2,2,2,2,2,2,2,2,2,2,2
"492","2019-10-19","Hourly",24,2,2,2,2,2,2,2,2,2,2,2,2,2,2,2,2
"493","2019-10-19","Daily Max",NA,3,3,3,2,3,4,3,4,5,4,4,3,3,2,3,3
"494","2019-10-19","Daily Mean",NA,2,2,2,2,2,2,2,2,2,2,2,2,2,2,2,2
"495","2019-10-20","Hourly",1,2,2,2,2,2,2,2,2,2,2,2,2,2,2,2,2
"496","2019-10-20","Hourly",2,2,2,2,2,2,2,2,2,2,2,2,2,2,2,2,2
"497","2019-10-20","Hourly",3,2,2,2,2,2,2,2,2,2,2,2,2,2,2,2,2
"498","2019-10-20","Hourly",4,2,2,2,2,2,2,2,2,2,2,2,2,2,2,2,2
"499","2019-10-20","Hourly",5,2,2,2,2,2,2,2,2,2,2,2,2,2,2,2,2
"500","2019-10-20","Hourly",6,2,2,2,2,2,2,2,2,2,2,2,2,2,2,2,2
"501","2019-10-20","Hourly",7,2,2,2,2,2,2,2,2,2,2,2,2,2,2,2,2
"502","2019-10-20","Hourly",8,2,2,2,2,2,2,2,2,2,2,2,2,2,2,2,2
"503","2019-10-20","Hourly",9,2,2,2,2,2,2,2,2,2,2,2,2,2,2,2,2
"504","2019-10-20","Hourly",10,2,2,2,2,2,2,2,2,2,2,2,2,2,2,2,2
"505","2019-10-20","Hourly",11,2,2,2,2,2,2,2,2,2,2,2,2,2,2,2,2
"506","2019-10-20","Hourly",12,2,2,2,2,2,2,2,2,2,2,2,2,2,2,2,2
"507","2019-10-20","Hourly",13,2,2,2,2,2,2,2,2,2,2,2,2,2,2,2,2
"508","2019-10-20","Hourly",14,2,2,2,2,2,2,2,2,2,2,2,2,2,2,2,2
"509","2019-10-20","Hourly",15,2,2,2,2,2,2,2,3,2,2,2,2,2,2,2,2
"510","2019-10-20","Hourly",16,2,3,2,2,2,2,2,3,3,2,2,2,3,2,3,2
"511","2019-10-20","Hourly",17,2,2,2,2,2,2,3,3,3,2,3,3,3,2,3,2
"512","2019-10-20","Hourly",18,2,2,2,2,2,2,2,3,3,2,3,3,3,2,3,2
"513","2019-10-20","Hourly",19,2,2,2,2,2,2,2,2,2,2,2,2,2,2,2,2
"514","2019-10-20","Hourly",20,2,2,2,2,2,2,2,2,2,2,2,2,2,2,2,2
"515","2019-10-20","Hourly",21,2,2,2,2,2,2,2,2,2,2,2,2,2,2,2,2
"516","2019-10-20","Hourly",22,2,2,2,2,2,2,2,2,2,1,2,2,2,2,2,2
"517","2019-10-20","Hourly",23,2,2,2,2,2,2,2,2,2,1,2,2,2,2,2,2
"518","2019-10-20","Hourly",24,2,2,2,2,2,2,2,2,2,1,2,2,2,2,2,2
"519","2019-10-20","Daily Max",NA,2,3,2,2,2,2,3,3,3,2,3,3,3,2,3,2
"520","2019-10-20","Daily Mean",NA,2,2,2,2,2,2,2,2,2,2,2,2,2,2,2,2
"521","2019-10-21","Hourly",1,2,2,2,2,2,2,2,2,2,2,2,2,2,2,2,2
"522","2019-10-21","Hourly",2,2,2,2,2,2,2,2,2,2,2,2,2,2,2,2,2
"523","2019-10-21","Hourly",3,2,2,2,2,2,2,2,2,2,2,2,2,2,2,2,2
"524","2019-10-21","Hourly",4,2,2,2,2,2,2,2,2,2,2,2,1,2,2,2,2
"525","2019-10-21","Hourly",5,2,2,2,2,2,2,2,2,2,1,2,1,2,2,2,2
"526","2019-10-21","Hourly",6,2,2,2,2,2,2,2,2,2,1,2,1,2,2,2,2
"527","2019-10-21","Hourly",7,2,2,2,2,2,2,2,2,2,1,2,1,2,2,2,2
"528","2019-10-21","Hourly",8,2,2,2,2,2,2,2,2,2,1,2,1,2,2,2,2
"529","2019-10-21","Hourly",9,2,2,2,2,2,2,2,2,2,1,2,2,2,2,2,2
"530","2019-10-21","Hourly",10,2,2,2,2,2,2,2,2,2,2,2,2,2,2,2,2
"531","2019-10-21","Hourly",11,2,2,2,2,2,2,2,2,2,2,2,2,2,2,2,2
"532","2019-10-21","Hourly",12,2,2,2,2,2,2,2,2,2,2,2,2,2,2,2,2
"533","2019-10-21","Hourly",13,2,2,2,2,2,2,2,3,2,2,2,2,2,2,2,2
"534","2019-10-21","Hourly",14,2,2,2,2,2,2,2,4,3,3,3,2,2,2,3,3
"535","2019-10-21","Hourly",15,2,2,2,2,2,2,2,4,4,3,3,2,2,2,3,2
"536","2019-10-21","Hourly",16,2,2,2,2,2,2,3,4,4,3,3,2,3,2,3,2
"537","2019-10-21","Hourly",17,2,3,3,2,2,2,3,4,4,2,3,3,3,2,3,2
"538","2019-10-21","Hourly",18,2,3,3,2,2,2,3,3,3,2,3,3,3,3,2,2
"539","2019-10-21","Hourly",19,2,3,3,2,2,2,3,2,2,2,2,3,2,3,3,2
"540","2019-10-21","Hourly",20,2,2,3,2,2,2,2,2,2,2,2,2,2,3,3,2
"541","2019-10-21","Hourly",21,2,2,2,2,2,2,2,2,2,2,2,2,2,2,2,2
"542","2019-10-21","Hourly",22,2,2,2,2,2,2,2,2,2,2,2,2,2,2,2,2
"543","2019-10-21","Hourly",23,2,2,2,2,2,2,2,2,2,2,2,2,2,2,2,2
"544","2019-10-21","Hourly",24,2,2,2,2,2,2,2,2,2,2,2,2,2,2,2,2
"545","2019-10-21","Daily Max",NA,2,3,3,2,2,2,3,4,4,3,3,3,3,3,3,3
"546","2019-10-21","Daily Mean",NA,2,2,2,2,2,2,2,2,2,2,2,2,2,2,2,2
"547","2019-10-22","Hourly",1,2,2,2,2,2,2,2,2,2,2,2,2,2,2,2,2
"548","2019-10-22","Hourly",2,2,2,2,2,2,2,2,2,2,2,2,2,2,2,2,2
"549","2019-10-22","Hourly",3,2,2,2,2,2,2,2,2,2,2,2,2,2,2,2,2
"550","2019-10-22","Hourly",4,2,2,2,2,2,2,2,2,2,2,2,2,2,2,2,2
"551","2019-10-22","Hourly",5,2,2,2,2,2,2,2,2,2,2,2,2,2,2,2,1
"552","2019-10-22","Hourly",6,2,2,2,2,2,2,2,2,2,2,2,2,2,2,2,1
"553","2019-10-22","Hourly",7,2,2,2,2,2,2,2,2,2,2,1,1,2,2,2,1
"554","2019-10-22","Hourly",8,2,2,2,2,2,2,2,2,2,2,2,1,2,2,2,2
"555","2019-10-22","Hourly",9,2,2,2,2,2,2,2,2,2,2,2,2,2,2,2,2
"556","2019-10-22","Hourly",10,2,2,2,2,2,2,2,2,2,2,2,2,2,2,2,2
"557","2019-10-22","Hourly",11,2,2,2,2,2,2,2,2,2,2,2,2,2,2,2,2
"558","2019-10-22","Hourly",12,2,2,2,2,2,2,2,2,2,2,2,2,2,2,2,2
"559","2019-10-22","Hourly",13,2,2,2,2,2,2,2,2,2,2,2,2,2,2,2,2
"560","2019-10-22","Hourly",14,2,2,2,2,2,2,2,2,2,2,2,2,2,2,2,2
"561","2019-10-22","Hourly",15,2,2,2,2,2,2,2,2,2,2,2,2,2,2,2,2
"562","2019-10-22","Hourly",16,2,2,2,2,2,2,2,2,2,2,2,2,2,2,2,2
"563","2019-10-22","Hourly",17,2,2,2,2,2,2,2,2,2,2,2,2,2,2,2,2
"564","2019-10-22","Hourly",18,2,2,2,2,2,2,2,2,2,2,2,2,2,2,2,2
"565","2019-10-22","Hourly",19,2,2,2,2,2,2,2,2,2,2,2,2,2,2,2,2
"566","2019-10-22","Hourly",20,2,2,2,2,2,2,2,2,2,2,2,2,2,2,2,2
"567","2019-10-22","Hourly",21,2,2,2,2,2,2,2,2,2,2,2,2,2,2,2,2
"568","2019-10-22","Hourly",22,2,2,2,2,2,2,2,2,2,2,2,2,2,2,2,2
"569","2019-10-22","Hourly",23,2,2,2,2,2,2,2,2,2,2,2,2,2,2,2,2
"570","2019-10-22","Hourly",24,2,2,2,2,2,2,2,2,2,2,2,2,2,2,2,2
"571","2019-10-22","Daily Max",NA,2,2,2,2,2,2,2,2,2,2,2,2,2,2,2,2
"572","2019-10-22","Daily Mean",NA,2,2,2,2,2,2,2,2,2,2,2,2,2,2,2,2
"573","2019-10-23","Hourly",1,2,2,2,2,2,2,2,2,2,2,2,2,2,2,2,2
"574","2019-10-23","Hourly",2,2,2,2,2,2,2,2,2,2,2,2,2,2,2,2,2
"575","2019-10-23","Hourly",3,2,2,2,2,2,2,2,2,2,2,2,2,2,2,2,2
"576","2019-10-23","Hourly",4,2,2,2,2,2,2,2,2,2,2,2,1,2,2,2,1
"577","2019-10-23","Hourly",5,2,2,2,2,2,2,2,2,2,2,2,1,2,2,2,1
"578","2019-10-23","Hourly",6,2,2,2,2,2,2,2,2,2,2,2,1,2,2,2,1
"579","2019-10-23","Hourly",7,2,2,2,2,2,2,2,2,2,2,2,1,2,2,2,1
"580","2019-10-23","Hourly",8,2,2,2,2,2,2,2,2,2,2,2,1,2,2,2,1
"581","2019-10-23","Hourly",9,2,2,2,2,2,2,2,2,2,2,2,2,2,2,2,1
"582","2019-10-23","Hourly",10,2,2,2,2,2,2,2,2,2,2,2,2,2,2,2,2
"583","2019-10-23","Hourly",11,2,2,2,2,2,2,2,2,2,2,2,2,2,2,2,2
"584","2019-10-23","Hourly",12,2,2,2,2,2,2,2,2,2,2,2,2,2,2,2,2
"585","2019-10-23","Hourly",13,2,2,2,2,2,2,2,2,2,2,2,2,2,2,2,2
"586","2019-10-23","Hourly",14,2,2,2,2,2,2,2,2,2,2,2,2,2,2,2,2
"587","2019-10-23","Hourly",15,2,2,2,2,2,2,2,2,2,2,2,2,2,2,2,2
"588","2019-10-23","Hourly",16,2,2,2,2,2,2,2,2,2,2,2,2,2,2,2,2
"589","2019-10-23","Hourly",17,2,2,2,2,2,2,2,2,2,2,2,2,2,2,2,2
"590","2019-10-23","Hourly",18,2,2,2,2,2,2,2,2,2,2,2,2,2,2,2,2
"591","2019-10-23","Hourly",19,2,2,2,2,2,2,2,2,2,2,2,2,2,2,2,2
"592","2019-10-23","Hourly",20,2,2,2,2,2,2,2,2,2,2,2,2,2,2,2,2
"593","2019-10-23","Hourly",21,2,2,2,2,2,2,2,2,2,2,2,2,2,2,2,2
"594","2019-10-23","Hourly",22,2,2,2,2,2,2,2,2,2,2,2,2,2,2,2,2
"595","2019-10-23","Hourly",23,2,2,2,2,2,2,2,2,2,2,2,2,2,2,2,2
"596","2019-10-23","Hourly",24,2,2,2,2,2,2,2,2,2,2,2,2,2,2,2,2
"597","2019-10-23","Daily Max",NA,2,2,2,2,2,2,2,2,2,2,2,2,2,2,2,2
"598","2019-10-23","Daily Mean",NA,2,2,2,2,2,2,2,2,2,2,2,2,2,2,2,2
"599","2019-10-24","Hourly",1,2,2,2,2,2,2,2,2,2,2,2,2,2,2,2,2
"600","2019-10-24","Hourly",2,2,2,2,2,2,2,2,2,2,2,2,2,2,2,2,2
"601","2019-10-24","Hourly",3,2,2,2,2,2,2,2,2,2,2,2,2,2,2,2,2
"602","2019-10-24","Hourly",4,2,2,2,2,2,2,2,2,2,2,2,2,2,2,2,2
"603","2019-10-24","Hourly",5,2,2,2,2,2,2,2,2,2,2,2,2,2,2,2,2
"604","2019-10-24","Hourly",6,2,2,2,2,2,2,2,2,2,2,2,2,2,2,2,2
"605","2019-10-24","Hourly",7,2,2,2,2,2,2,2,2,2,2,2,2,2,2,2,2
"606","2019-10-24","Hourly",8,2,2,2,2,2,2,2,2,2,2,2,2,2,2,2,2
"607","2019-10-24","Hourly",9,2,2,2,2,2,2,2,2,2,2,2,2,2,2,2,2
"608","2019-10-24","Hourly",10,2,2,2,2,2,2,2,2,2,2,2,2,2,2,2,2
"609","2019-10-24","Hourly",11,2,2,2,2,2,2,2,2,2,2,2,2,2,2,2,2
"610","2019-10-24","Hourly",12,2,2,2,2,2,2,2,2,2,2,2,2,2,2,2,2
"611","2019-10-24","Hourly",13,2,2,2,2,2,2,2,2,2,2,2,2,2,2,2,2
"612","2019-10-24","Hourly",14,2,2,2,2,2,2,2,2,2,2,2,2,2,2,2,2
"613","2019-10-24","Hourly",15,2,2,2,2,2,2,2,2,2,2,2,2,2,2,2,2
"614","2019-10-24","Hourly",16,2,2,2,2,2,2,2,2,3,3,2,2,2,2,2,2
"615","2019-10-24","Hourly",17,2,2,2,2,2,2,2,2,3,4,2,2,2,2,2,2
"616","2019-10-24","Hourly",18,2,2,2,2,2,2,2,2,2,4,2,2,3,3,3,2
"617","2019-10-24","Hourly",19,2,2,2,2,2,2,2,2,2,4,2,2,2,2,3,2
"618","2019-10-24","Hourly",20,2,2,2,2,2,2,2,2,2,2,2,2,2,2,2,2
"619","2019-10-24","Hourly",21,2,2,2,2,2,2,2,2,2,2,2,2,2,2,2,2
"620","2019-10-24","Hourly",22,2,2,2,2,2,2,2,2,2,2,2,2,2,2,2,2
"621","2019-10-24","Hourly",23,2,2,2,2,2,2,2,2,2,2,2,2,2,2,2,2
"622","2019-10-24","Hourly",24,2,2,2,2,2,2,2,2,2,2,2,2,2,2,2,2
"623","2019-10-24","Daily Max",NA,2,2,2,2,2,2,2,2,3,4,2,2,3,3,3,2
"624","2019-10-24","Daily Mean",NA,2,2,2,2,2,2,2,2,2,2,2,2,2,2,2,2
"625","2019-10-25","Hourly",1,2,2,2,2,2,2,2,2,2,2,2,2,2,2,2,2
"626","2019-10-25","Hourly",2,2,2,2,2,2,2,2,2,2,2,2,2,2,2,2,2
"627","2019-10-25","Hourly",3,2,2,2,2,2,2,2,2,2,2,2,2,2,2,2,2
"628","2019-10-25","Hourly",4,2,2,2,2,2,2,2,2,2,2,2,2,2,2,2,2
"629","2019-10-25","Hourly",5,2,2,2,2,2,2,2,2,2,2,2,2,2,2,2,2
"630","2019-10-25","Hourly",6,2,2,2,2,2,2,2,2,2,2,2,2,2,2,2,2
"631","2019-10-25","Hourly",7,2,2,2,2,2,2,2,2,2,2,2,2,2,2,2,2
"632","2019-10-25","Hourly",8,2,2,2,2,2,2,2,2,2,2,2,2,2,2,2,2
"633","2019-10-25","Hourly",9,2,2,2,2,2,2,2,2,2,2,2,2,2,2,2,2
"634","2019-10-25","Hourly",10,2,2,2,2,2,2,2,2,2,2,2,2,2,2,2,2
"635","2019-10-25","Hourly",11,2,2,2,2,2,2,2,2,2,2,2,2,2,2,2,2
"636","2019-10-25","Hourly",12,2,2,2,2,2,2,2,2,2,2,2,2,2,2,2,2
"637","2019-10-25","Hourly",13,2,2,2,2,2,2,2,2,2,2,2,2,2,2,2,2
"638","2019-10-25","Hourly",14,2,2,2,2,2,2,2,2,2,2,2,2,2,2,2,2
"639","2019-10-25","Hourly",15,2,2,2,2,2,2,2,2,2,2,2,2,2,2,2,2
"640","2019-10-25","Hourly",16,2,2,2,2,2,2,2,2,2,2,2,2,2,2,2,2
"641","2019-10-25","Hourly",17,2,2,2,2,2,2,2,2,2,2,2,2,2,2,2,2
"642","2019-10-25","Hourly",18,2,2,2,2,2,2,2,2,2,2,2,2,2,2,2,2
"643","2019-10-25","Hourly",19,2,2,2,2,2,2,2,2,2,2,2,2,2,2,2,2
"644","2019-10-25","Hourly",20,2,2,2,2,2,2,2,2,2,2,2,2,2,2,2,2
"645","2019-10-25","Hourly",21,2,2,2,2,2,2,2,2,2,2,2,2,2,2,2,2
"646","2019-10-25","Hourly",22,2,2,2,2,2,2,2,2,2,2,2,2,2,2,2,2
"647","2019-10-25","Hourly",23,2,2,2,2,2,2,2,2,2,2,2,2,2,2,2,2
"648","2019-10-25","Hourly",24,2,2,2,2,2,2,2,2,2,2,2,2,2,2,2,2
"649","2019-10-25","Daily Max",NA,2,2,2,2,2,2,2,2,2,2,2,2,2,2,2,2
"650","2019-10-25","Daily Mean",NA,2,2,2,2,2,2,2,2,2,2,2,2,2,2,2,2
"651","2019-10-26","Hourly",1,2,2,2,2,2,2,2,2,2,2,2,2,2,2,2,2
"652","2019-10-26","Hourly",2,2,2,2,2,2,2,2,2,2,2,2,2,2,2,2,2
"653","2019-10-26","Hourly",3,2,2,2,2,2,2,2,2,2,2,2,2,2,2,2,2
"654","2019-10-26","Hourly",4,2,2,2,2,2,2,2,2,2,2,2,2,2,2,2,2
"655","2019-10-26","Hourly",5,2,2,2,2,2,2,2,2,2,2,2,2,2,2,2,2
"656","2019-10-26","Hourly",6,2,2,2,2,2,2,2,2,2,2,2,2,2,2,2,2
"657","2019-10-26","Hourly",7,2,2,2,2,2,2,2,2,2,2,2,2,2,2,2,2
"658","2019-10-26","Hourly",8,2,2,2,2,2,2,2,2,2,2,2,2,2,2,2,2
"659","2019-10-26","Hourly",9,2,2,2,2,2,2,2,2,2,2,2,2,2,2,2,2
"660","2019-10-26","Hourly",10,2,2,2,2,2,2,2,2,2,2,2,2,2,2,2,2
"661","2019-10-26","Hourly",11,2,2,2,2,2,2,2,2,2,2,2,2,2,2,2,2
"662","2019-10-26","Hourly",12,2,2,2,2,2,2,2,2,2,2,2,2,2,2,2,2
"663","2019-10-26","Hourly",13,2,2,2,2,2,2,2,2,2,2,2,2,2,2,2,2
"664","2019-10-26","Hourly",14,2,2,2,2,2,2,2,2,2,2,2,2,2,2,2,2
"665","2019-10-26","Hourly",15,2,2,2,2,2,2,2,2,2,2,2,2,2,2,2,2
"666","2019-10-26","Hourly",16,2,2,2,2,2,2,2,2,2,2,2,2,2,2,2,2
"667","2019-10-26","Hourly",17,2,2,2,2,2,2,2,2,2,2,2,2,2,2,2,2
"668","2019-10-26","Hourly",18,2,2,2,2,2,2,2,2,2,2,2,2,2,2,2,2
"669","2019-10-26","Hourly",19,2,2,2,2,2,2,2,2,2,2,2,2,2,2,2,2
"670","2019-10-26","Hourly",20,2,2,2,2,2,2,2,2,2,2,2,2,2,2,2,2
"671","2019-10-26","Hourly",21,2,2,2,2,2,2,2,2,2,2,2,2,2,2,2,2
"672","2019-10-26","Hourly",22,2,2,2,2,2,2,2,2,2,2,2,2,2,2,2,2
"673","2019-10-26","Hourly",23,2,2,2,2,2,2,2,2,2,2,2,2,2,2,2,2
"674","2019-10-26","Hourly",24,2,2,2,2,2,2,2,2,2,2,2,2,2,2,2,2
"675","2019-10-26","Daily Max",NA,2,2,2,2,2,2,2,2,2,2,2,2,2,2,2,2
"676","2019-10-26","Daily Mean",NA,2,2,2,2,2,2,2,2,2,2,2,2,2,2,2,2
"677","2019-10-27","Hourly",1,2,2,2,2,2,2,2,2,2,2,2,2,2,2,2,2
"678","2019-10-27","Hourly",2,2,2,2,2,2,2,2,2,2,2,2,2,2,2,2,2
"679","2019-10-27","Hourly",3,2,2,2,2,2,2,2,2,2,2,2,2,2,2,2,2
"680","2019-10-27","Hourly",4,2,2,2,2,2,2,2,2,2,2,2,2,2,2,2,2
"681","2019-10-27","Hourly",5,2,2,2,2,2,2,2,2,2,2,2,2,2,2,2,2
"682","2019-10-27","Hourly",6,2,1,2,2,2,2,2,2,2,1,2,2,2,2,2,2
"683","2019-10-27","Hourly",7,2,1,2,2,2,2,2,1,2,1,2,1,1,2,2,2
"684","2019-10-27","Hourly",8,2,1,2,2,2,2,1,1,2,1,1,1,1,2,2,2
"685","2019-10-27","Hourly",9,2,1,2,2,2,2,2,1,2,1,1,1,1,2,2,2
"686","2019-10-27","Hourly",10,2,2,2,2,2,2,2,2,2,1,1,2,2,2,2,2
"687","2019-10-27","Hourly",11,2,2,2,2,2,2,2,2,2,1,2,2,2,2,2,2
"688","2019-10-27","Hourly",12,2,2,2,2,2,2,2,2,2,2,2,2,2,2,2,2
"689","2019-10-27","Hourly",13,2,2,2,2,2,2,2,2,2,2,2,2,2,2,2,2
"690","2019-10-27","Hourly",14,2,2,2,2,2,2,2,2,2,2,2,2,2,2,2,2
"691","2019-10-27","Hourly",15,2,2,2,2,2,2,2,3,3,2,2,2,2,2,2,2
"692","2019-10-27","Hourly",16,2,2,2,2,2,2,2,4,3,2,2,2,2,2,3,2
"693","2019-10-27","Hourly",17,3,2,2,2,2,2,2,4,4,3,2,2,3,2,3,2
"694","2019-10-27","Hourly",18,2,2,2,2,2,2,2,3,4,3,3,2,2,2,3,2
"695","2019-10-27","Hourly",19,2,2,2,2,2,2,2,3,4,3,2,2,2,2,2,2
"696","2019-10-27","Hourly",20,2,2,2,2,2,2,2,4,4,2,2,2,2,2,2,2
"697","2019-10-27","Hourly",21,2,2,2,2,2,2,2,3,4,2,2,2,2,2,2,2
"698","2019-10-27","Hourly",22,2,2,2,2,2,2,2,3,3,2,2,2,2,2,2,2
"699","2019-10-27","Hourly",23,2,2,2,2,2,2,2,2,2,2,2,2,2,2,2,2
"700","2019-10-27","Hourly",24,2,2,2,2,2,2,2,2,2,2,2,2,2,2,2,2
"701","2019-10-27","Daily Max",NA,3,2,2,2,2,2,2,4,4,3,3,2,3,2,3,2
"702","2019-10-27","Daily Mean",NA,2,2,2,2,2,2,2,2,2,2,2,2,2,2,2,2
"703","2019-10-28","Hourly",1,2,2,2,2,2,2,2,2,2,2,2,2,2,2,2,2
"704","2019-10-28","Hourly",2,2,2,2,2,2,2,2,2,2,2,2,2,2,2,2,2
"705","2019-10-28","Hourly",3,2,2,2,2,2,2,2,2,2,2,2,2,2,2,2,2
"706","2019-10-28","Hourly",4,2,2,2,2,2,2,2,2,2,2,2,2,2,2,2,2
"707","2019-10-28","Hourly",5,2,2,2,2,2,2,2,2,2,2,2,2,2,2,2,2
"708","2019-10-28","Hourly",6,2,2,2,2,2,2,2,2,2,2,2,2,2,2,2,2
"709","2019-10-28","Hourly",7,2,2,2,2,2,2,2,2,2,1,2,2,2,2,2,2
"710","2019-10-28","Hourly",8,2,2,2,2,2,2,2,2,2,1,2,2,2,2,2,2
"711","2019-10-28","Hourly",9,2,2,2,2,2,2,2,2,2,2,2,2,2,2,2,2
"712","2019-10-28","Hourly",10,2,2,2,2,2,2,2,2,2,2,2,2,2,2,2,2
"713","2019-10-28","Hourly",11,2,2,2,2,2,2,2,2,2,2,2,2,2,2,2,2
"714","2019-10-28","Hourly",12,2,2,2,2,2,2,2,2,2,2,2,2,2,2,2,2
"715","2019-10-28","Hourly",13,2,2,2,2,2,2,2,2,2,2,2,2,2,2,2,2
"716","2019-10-28","Hourly",14,2,2,2,2,2,2,2,3,3,3,2,2,2,2,2,2
"717","2019-10-28","Hourly",15,3,2,2,2,2,2,2,4,4,4,2,2,2,2,3,2
"718","2019-10-28","Hourly",16,4,2,2,2,3,3,2,3,4,3,2,2,2,2,4,3
"719","2019-10-28","Hourly",17,4,2,2,2,3,3,2,2,2,2,2,2,2,3,4,3
"720","2019-10-28","Hourly",18,3,2,2,2,2,2,2,2,2,2,2,2,2,2,4,2
"721","2019-10-28","Hourly",19,2,2,2,2,2,2,2,2,2,2,2,2,1,2,2,2
"722","2019-10-28","Hourly",20,2,2,2,2,2,1,2,1,2,1,1,2,1,2,2,2
"723","2019-10-28","Hourly",21,2,2,2,2,2,1,2,1,2,1,1,1,1,2,2,2
"724","2019-10-28","Hourly",22,1,2,2,1,1,1,1,1,1,1,1,1,1,2,2,1
"725","2019-10-28","Hourly",23,1,1,1,1,1,1,1,1,1,1,1,1,1,2,2,1
"726","2019-10-28","Hourly",24,1,1,1,1,1,1,1,1,1,1,1,1,1,2,2,1
"727","2019-10-28","Daily Max",NA,4,2,2,2,3,3,2,4,4,4,2,2,2,3,4,3
"728","2019-10-28","Daily Mean",NA,2,2,2,2,2,2,2,2,2,2,2,2,2,2,2,2
"729","2019-10-29","Hourly",1,1,1,1,1,1,1,1,1,1,1,1,1,1,1,2,1
"730","2019-10-29","Hourly",2,1,1,1,1,1,1,1,1,1,1,1,1,1,1,2,1
"731","2019-10-29","Hourly",3,1,1,1,1,1,1,1,1,1,1,1,1,1,1,1,1
"732","2019-10-29","Hourly",4,1,1,1,1,1,1,1,1,1,1,1,1,1,1,1,1
"733","2019-10-29","Hourly",5,1,1,1,1,1,1,1,1,1,1,1,1,1,1,1,1
"734","2019-10-29","Hourly",6,1,1,1,1,1,1,1,1,1,1,1,1,1,1,1,1
"735","2019-10-29","Hourly",7,1,1,1,1,1,1,1,1,1,1,1,1,1,1,1,1
"736","2019-10-29","Hourly",8,1,1,1,1,1,1,1,1,1,1,1,1,1,1,1,1
"737","2019-10-29","Hourly",9,1,1,1,1,1,1,1,1,1,1,1,1,1,1,2,1
"738","2019-10-29","Hourly",10,1,1,1,1,1,1,1,1,2,1,1,1,1,2,2,1
"739","2019-10-29","Hourly",11,1,1,2,1,2,1,2,2,2,2,2,1,1,2,2,1
"740","2019-10-29","Hourly",12,2,1,2,2,2,2,2,2,2,2,2,2,2,2,2,2
"741","2019-10-29","Hourly",13,2,2,2,2,2,2,2,2,2,2,2,2,2,2,2,2
"742","2019-10-29","Hourly",14,2,2,2,2,2,2,2,2,2,2,2,2,2,2,2,2
"743","2019-10-29","Hourly",15,2,2,2,2,2,2,2,2,2,2,2,2,2,2,2,2
"744","2019-10-29","Hourly",16,2,2,2,2,2,2,2,2,2,2,2,2,2,2,2,2
"745","2019-10-29","Hourly",17,2,2,2,2,2,2,2,2,2,2,2,2,2,2,2,2
"746","2019-10-29","Hourly",18,2,2,2,2,2,2,2,2,2,2,2,2,2,2,2,2
"747","2019-10-29","Hourly",19,2,2,2,2,2,2,2,2,2,2,2,2,2,2,2,2
"748","2019-10-29","Hourly",20,2,2,2,2,2,2,2,2,2,1,2,2,2,2,2,2
"749","2019-10-29","Hourly",21,2,2,2,2,2,2,2,2,2,1,2,2,2,2,2,2
"750","2019-10-29","Hourly",22,2,2,2,2,2,2,2,2,2,1,2,2,1,2,2,2
"751","2019-10-29","Hourly",23,2,1,2,2,2,1,2,2,2,1,1,2,1,2,2,2
"752","2019-10-29","Hourly",24,2,1,2,2,2,2,1,1,2,1,1,1,1,2,2,2
"753","2019-10-29","Daily Max",NA,2,2,2,2,2,2,2,2,2,2,2,2,2,2,2,2
"754","2019-10-29","Daily Mean",NA,1,1,1,1,1,1,1,1,1,1,1,1,1,1,2,1
"755","2019-10-30","Hourly",1,2,1,2,1,2,2,1,1,1,1,1,1,1,2,2,1
"756","2019-10-30","Hourly",2,1,1,2,1,2,2,1,2,2,1,1,2,1,2,2,1
"757","2019-10-30","Hourly",3,1,1,2,1,2,1,2,2,2,1,1,2,1,1,2,1
"758","2019-10-30","Hourly",4,1,1,2,2,2,1,2,2,2,1,1,2,1,1,2,1
"759","2019-10-30","Hourly",5,1,1,2,2,2,1,2,2,2,1,1,2,1,1,2,1
"760","2019-10-30","Hourly",6,1,1,2,2,2,1,2,2,2,1,1,2,1,1,2,1
"761","2019-10-30","Hourly",7,1,1,2,1,2,1,2,2,2,1,1,2,1,1,2,1
"762","2019-10-30","Hourly",8,1,1,2,1,1,1,2,2,2,1,1,2,2,2,2,1
"763","2019-10-30","Hourly",9,1,1,2,2,2,1,2,2,2,1,1,2,2,2,2,1
"764","2019-10-30","Hourly",10,1,2,2,2,2,1,2,2,2,1,1,2,2,2,2,2
"765","2019-10-30","Hourly",11,2,2,2,2,2,2,2,2,2,1,2,2,2,2,2,2
"766","2019-10-30","Hourly",12,2,2,2,2,2,2,2,2,2,2,2,2,2,2,2,2
"767","2019-10-30","Hourly",13,2,2,2,2,2,2,2,2,2,2,2,2,2,2,2,2
"768","2019-10-30","Hourly",14,2,2,2,2,2,2,2,2,2,2,2,2,2,2,2,2
"769","2019-10-30","Hourly",15,2,2,2,2,2,2,2,3,2,2,2,2,2,2,2,2
"770","2019-10-30","Hourly",16,2,2,2,2,2,2,2,3,3,2,2,2,2,2,2,2
"771","2019-10-30","Hourly",17,2,2,2,2,2,2,2,3,3,2,2,2,2,2,2,2
"772","2019-10-30","Hourly",18,2,2,2,2,2,2,2,2,3,2,2,2,2,2,2,2
"773","2019-10-30","Hourly",19,2,2,2,2,2,2,2,2,3,2,2,2,2,2,2,2
"774","2019-10-30","Hourly",20,2,2,2,2,2,2,2,2,2,2,2,2,2,2,2,2
"775","2019-10-30","Hourly",21,2,2,2,2,2,2,2,2,2,2,2,2,2,2,2,2
"776","2019-10-30","Hourly",22,2,2,2,2,2,2,2,2,2,2,2,2,2,2,2,2
"777","2019-10-30","Hourly",23,2,2,2,2,2,2,2,2,2,2,2,2,2,2,2,2
"778","2019-10-30","Hourly",24,2,2,2,2,2,2,2,2,2,1,2,2,2,2,2,2
"779","2019-10-30","Daily Max",NA,2,2,2,2,2,2,2,3,3,2,2,2,2,2,2,2
"780","2019-10-30","Daily Mean",NA,2,2,2,2,2,2,2,2,2,1,2,2,2,2,2,2
"781","2019-10-31","Hourly",1,2,2,2,2,2,2,2,2,2,1,2,2,2,2,2,2
"782","2019-10-31","Hourly",2,2,2,2,2,2,2,2,2,2,1,1,2,2,2,2,2
"783","2019-10-31","Hourly",3,2,2,2,2,2,2,2,2,2,1,1,2,2,2,2,2
"784","2019-10-31","Hourly",4,2,2,2,2,2,2,2,2,2,1,1,2,2,2,2,2
"785","2019-10-31","Hourly",5,2,2,2,2,2,2,2,2,2,1,1,2,2,2,2,2
"786","2019-10-31","Hourly",6,2,2,2,2,2,2,2,2,2,1,1,2,2,2,2,2
"787","2019-10-31","Hourly",7,2,2,2,2,2,2,2,2,2,1,1,2,2,2,2,2
"788","2019-10-31","Hourly",8,2,2,2,2,2,2,2,2,2,1,1,2,2,2,2,2
"789","2019-10-31","Hourly",9,2,2,2,2,2,2,2,2,2,1,1,2,2,2,2,2
"790","2019-10-31","Hourly",10,2,2,2,2,2,2,2,2,2,1,2,2,2,2,2,2
"791","2019-10-31","Hourly",11,2,2,2,2,2,2,2,2,2,2,2,2,2,2,2,2
"792","2019-10-31","Hourly",12,2,2,2,2,2,2,2,2,2,2,2,2,2,2,2,2
"793","2019-10-31","Hourly",13,2,2,2,2,2,2,2,2,2,2,2,2,2,2,2,2
"794","2019-10-31","Hourly",14,2,2,3,2,2,2,2,2,2,2,2,2,2,2,2,2
"795","2019-10-31","Hourly",15,2,3,3,3,2,2,3,3,3,2,3,3,3,3,3,2
"796","2019-10-31","Hourly",16,3,3,3,3,3,2,3,4,4,3,3,3,3,3,3,3
"797","2019-10-31","Hourly",17,3,3,3,3,3,2,3,4,4,3,4,3,3,3,3,3
"798","2019-10-31","Hourly",18,3,3,3,3,3,3,3,4,4,3,3,3,3,3,3,3
"799","2019-10-31","Hourly",19,3,3,3,3,3,3,3,4,4,2,3,3,3,3,4,3
"800","2019-10-31","Hourly",20,3,3,3,3,3,2,3,3,3,2,3,3,3,3,3,3
"801","2019-10-31","Hourly",21,2,2,3,2,2,2,2,2,3,2,2,2,2,2,3,2
"802","2019-10-31","Hourly",22,2,2,2,2,2,2,2,2,2,2,2,2,2,2,2,2
"803","2019-10-31","Hourly",23,2,2,2,2,2,2,2,2,2,2,2,2,2,2,2,2
"804","2019-10-31","Hourly",24,2,2,2,2,2,2,2,2,2,2,2,2,2,2,2,2
"805","2019-10-31","Daily Max",NA,3,3,3,3,3,3,3,4,4,3,4,3,3,3,4,3
"806","2019-10-31","Daily Mean",NA,2,2,2,2,2,2,2,2,2,2,2,2,2,2,2,2
